"","State","County","num","population","X2019_Good.Days","X2019_Moderate.Days","X2019_Unhealthy.Days","X2019_Days.Ozone.hazardous","X2020_Good.Days","X2020_Moderate.Days","X2020_Unhealthy.Days","X2020_Days.Ozone.hazardous"
"1","Alabama","Baldwin",3,233219,237,34,0,220,159,9,0,130
"2","Alabama","Clay",27,14211,97,10,0,0,54,4,0,0
"3","Alabama","DeKalb",49,71648,324,37,0,331,234,8,0,230
"4","Alabama","Elmore",51,87853,208,20,0,228,149,0,0,149
"5","Alabama","Etowah",55,103447,232,47,0,218,161,8,0,137
"6","Alabama","Jefferson",73,674675,157,195,0,122,149,93,0,97
"7","Alabama","Lawrence",79,33089,111,1,0,0,20,0,0,0
"8","Alabama","Madison",89,390502,255,106,0,155,158,24,0,79
"9","Alabama","Mobile",97,414353,258,106,0,105,184,19,0,101
"10","Alabama","Montgomery",101,228322,171,193,0,50,103,104,0,31
"11","Alabama","Morgan",103,123288,306,59,0,195,181,21,0,111
"12","Alabama","Russell",113,59259,268,95,0,116,179,33,0,70
"13","Alabama","Shelby",117,223881,308,44,0,232,200,11,0,147
"14","Alabama","Sumter",119,12196,335,26,0,183,209,4,0,126
"15","Alabama","Tuscaloosa",125,231534,240,24,0,188,159,6,0,133
"16","Arizona","Apache",1,65911,358,1,0,0,268,2,0,0
"17","Arizona","Cochise",3,125522,266,99,0,327,210,62,0,231
"18","Arizona","Coconino",5,145180,289,76,0,356,227,47,0,274
"19","Arizona","Gila",7,53351,145,164,6,254,160,101,3,230
"20","Arizona","La Paz",12,16575,304,60,0,360,205,67,0,269
"21","Arizona","Maricopa",13,4440232,66,261,0,215,75,168,3,194
"22","Arizona","Mohave",15,214176,358,7,0,0,262,4,0,0
"23","Arizona","Navajo",17,106762,294,70,0,357,229,42,0,243
"24","Arizona","Pima",19,1045175,225,138,0,261,131,133,0,192
"25","Arizona","Pinal",21,429446,123,209,2,168,107,137,0,195
"26","Arizona","Santa Cruz",23,47705,280,80,0,0,213,56,1,0
"27","Arizona","Yavapai",25,237216,299,58,0,355,205,65,0,271
"28","Arizona","Yuma",27,204528,265,97,0,273,206,68,0,198
"29","Arkansas","Arkansas",1,17107,101,17,0,0,82,8,0,0
"30","Arkansas","Ashley",3,18962,103,17,0,0,85,7,0,0
"31","Arkansas","Clark",19,21387,347,8,0,355,220,1,0,221
"32","Arkansas","Crittenden",35,48086,290,74,0,205,228,43,0,175
"33","Arkansas","Garland",51,100249,93,28,0,0,80,11,0,0
"34","Arkansas","Jackson",67,16755,102,15,0,0,83,9,0,0
"35","Arkansas","Newton",101,7193,347,18,0,358,266,5,0,271
"36","Arkansas","Polk",113,19187,312,48,0,314,248,19,0,242
"37","Arkansas","Pulaski",119,399246,235,130,0,146,207,66,0,138
"38","Arkansas","Union",139,38926,196,45,0,0,79,12,0,0
"39","Arkansas","Washington",143,246756,284,81,0,207,236,37,0,194
"40","California","Alameda",1,1680380,260,97,0,175,153,55,4,110
"41","California","Amador",5,40532,308,45,0,355,201,8,0,209
"42","California","Butte",7,210135,224,136,2,231,146,68,0,166
"43","California","Calaveras",9,45346,299,60,0,322,178,34,0,165
"44","California","Colusa",11,21858,294,71,0,228,205,25,15,169
"45","California","Contra Costa",13,1165986,292,69,0,244,162,47,4,121
"46","California","Del Norte",15,27601,236,12,0,0,146,18,2,0
"47","California","El Dorado",17,191220,273,86,0,355,167,45,0,209
"48","California","Fresno",19,1009503,139,160,2,259,87,135,16,175
"49","California","Glenn",21,28896,302,60,0,277,185,28,0,163
"50","California","Humboldt",23,136261,353,10,0,272,266,7,0,223
"51","California","Imperial",25,179595,125,219,2,210,130,65,0,36
"52","California","Inyo",27,19001,232,121,2,319,163,94,1,222
"53","California","Kern",29,905828,119,151,6,260,89,116,1,140
"54","California","Kings",31,152790,152,172,2,190,93,169,6,146
"55","California","Lake",33,68195,360,0,0,356,172,0,0,165
"56","California","Los Angeles",37,9992236,66,213,28,197,58,87,10,105
"57","California","Madera",39,156343,189,163,0,259,122,87,0,153
"58","California","Marin",41,261282,337,25,0,221,200,13,0,131
"59","California","Mariposa",43,17118,221,130,5,296,153,79,3,220
"60","California","Mendocino",45,91361,334,27,0,229,74,17,0,32
"61","California","Merced",47,281814,213,145,0,250,147,102,12,173
"62","California","Mono",51,13226,270,80,0,0,138,35,1,0
"63","California","Monterey",53,438390,330,34,0,287,172,11,0,151
"64","California","Napa",55,137485,330,31,0,265,192,18,0,146
"65","California","Nevada",57,102249,273,83,0,326,214,59,13,203
"66","California","Orange",59,3185516,216,133,1,262,120,55,3,131
"67","California","Placer",61,405889,221,134,0,295,143,85,7,173
"68","California","Plumas",63,19749,248,88,0,0,173,80,20,0
"69","California","Riverside",65,2422847,75,170,29,247,69,170,12,174
"70","California","Sacramento",67,1586465,213,142,0,240,146,65,1,158
"71","California","San Benito",69,64521,326,39,0,347,226,17,0,228
"72","California","San Bernardino",71,2183239,55,177,54,246,57,123,19,180
"73","California","San Diego",73,3296045,87,253,2,176,67,138,2,92
"74","California","San Francisco",75,870393,313,51,0,172,173,41,0,98
"75","California","San Joaquin",77,780558,231,122,1,236,185,73,12,151
"76","California","San Luis Obispo",79,281879,230,132,0,282,132,50,0,131
"77","California","San Mateo",81,762511,327,36,0,209,194,19,0,124
"78","California","Santa Barbara",83,448244,286,78,0,295,218,27,0,208
"79","California","Santa Clara",85,1931026,271,90,0,218,172,37,2,127
"80","California","Santa Cruz",87,270462,347,18,0,262,181,1,0,139
"81","California","Shasta",89,181984,311,53,0,352,220,20,0,236
"82","California","Siskiyou",93,43991,332,29,2,262,175,7,0,150
"83","California","Solano",95,452698,290,74,0,225,233,34,0,206
"84","California","Sonoma",97,488281,348,17,0,258,233,12,0,173
"85","California","Stanislaus",99,553217,201,141,1,245,139,108,13,184
"86","California","Sutter",101,99464,239,124,0,249,162,50,1,149
"87","California","Tehama",103,65682,282,83,0,323,170,43,0,181
"88","California","Trinity",105,16089,246,21,0,0,190,31,11,0
"89","California","Tulare",107,473891,127,157,2,242,71,100,9,163
"90","California","Tuolumne",109,55374,273,83,0,358,172,31,0,203
"91","California","Ventura",111,843310,214,142,0,284,178,80,3,248
"92","California","Yolo",113,216291,284,80,0,279,225,39,0,226
"93","Colorado","Adams",1,520479,223,141,0,150,159,115,1,154
"94","Colorado","Alamosa",3,16377,107,0,0,0,20,0,0,0
"95","Colorado","Arapahoe",5,655207,227,132,0,352,161,84,2,243
"96","Colorado","Archuleta",7,13425,331,30,0,186,258,2,0,0
"97","Colorado","Boulder",13,330922,227,133,0,269,162,99,1,208
"98","Colorado","Clear Creek",19,9393,205,84,0,290,54,28,0,86
"99","Colorado","Delta",29,31051,339,26,0,346,168,14,0,166
"100","Colorado","Denver",31,717556,179,183,1,151,148,122,0,130
"101","Colorado","Douglas",35,360303,236,114,1,304,172,88,3,224
"102","Colorado","El Paso",41,732342,259,106,0,345,183,85,1,238
"103","Colorado","Fremont",43,48878,32,0,0,0,12,0,0,0
"104","Colorado","Garfield",45,61792,309,56,0,363,124,58,0,182
"105","Colorado","Gilpin",47,5824,117,25,0,143,176,57,0,241
"106","Colorado","Gunnison",51,16945,279,78,0,358,186,46,0,234
"107","Colorado","Jackson",57,1378,102,0,0,0,15,0,0,0
"108","Colorado","Jefferson",59,583050,238,111,0,363,137,83,4,244
"109","Colorado","La Plata",67,55675,276,89,0,326,194,44,0,233
"110","Colorado","Larimer",69,359899,208,151,0,337,155,104,0,236
"111","Colorado","Mesa",77,156005,289,75,0,309,243,34,0,156
"112","Colorado","Montezuma",83,25883,280,85,0,365,195,47,0,244
"113","Colorado","Pitkin",97,17354,121,0,0,0,71,0,0,0
"114","Colorado","Prowers",99,12010,343,3,0,0,242,11,2,0
"115","Colorado","Pueblo",101,168325,125,1,0,0,65,3,0,0
"116","Colorado","Rio Blanco",103,6524,311,54,0,321,203,39,0,218
"117","Colorado","Routt",107,24829,353,2,0,0,253,4,0,0
"118","Colorado","San Juan",111,710,116,0,0,0,19,0,0,0
"119","Colorado","San Miguel",113,8054,112,1,0,0,84,3,0,0
"120","Colorado","Weld",123,331427,252,110,0,236,165,101,0,201
"121","Delaware","Kent",1,182362,293,72,0,273,166,16,0,147
"122","Delaware","New Castle",3,570873,259,103,0,253,159,24,0,123
"123","Delaware","Sussex",5,238879,299,66,0,279,171,11,0,149
"124","Florida","Alachua",1,279742,329,35,0,273,156,25,0,122
"125","Florida","Baker",3,28115,341,20,0,361,162,15,0,135
"126","Florida","Bay",5,174506,308,49,0,235,152,25,0,121
"127","Florida","Brevard",9,608713,336,15,0,306,157,25,0,133
"128","Florida","Broward",11,1943266,303,60,0,165,131,52,0,93
"129","Florida","Citrus",17,154565,337,28,0,0,154,24,0,0
"130","Florida","Collier",21,377293,331,31,0,197,151,30,0,100
"131","Florida","Columbia",23,69737,294,69,0,207,109,18,2,60
"132","Florida","Duval",31,997604,248,112,0,174,137,44,0,81
"133","Florida","Escambia",33,322551,290,74,0,271,134,48,0,105
"134","Florida","Flagler",35,116030,265,5,0,270,179,3,0,182
"135","Florida","Hamilton",47,13733,313,36,0,0,140,21,1,0
"136","Florida","Highlands",55,101345,224,9,0,233,163,13,0,176
"137","Florida","Hillsborough",57,1466160,281,78,0,211,131,49,0,90
"138","Florida","Holmes",59,19569,289,73,0,203,151,25,0,106
"139","Florida","Indian River",61,160439,324,11,0,335,224,14,0,238
"140","Florida","Lake",69,386194,301,28,0,330,170,12,0,182
"141","Florida","Lee",71,765504,328,36,0,251,157,25,0,134
"142","Florida","Leon",73,293948,275,84,0,168,134,45,1,67
"143","Florida","Liberty",77,7805,339,12,0,351,236,2,0,238
"144","Florida","Manatee",81,401593,333,30,0,365,171,11,0,182
"145","Florida","Marion",83,377459,311,54,0,236,142,40,0,107
"146","Florida","Martin",85,158658,323,29,0,235,157,24,0,114
"147","Florida","Miami-Dade",86,2695501,317,44,0,150,137,46,0,89
"148","Florida","Nassau",89,91027,326,25,0,0,169,7,0,0
"149","Florida","Okaloosa",91,212071,335,28,0,342,175,6,0,165
"150","Florida","Orange",95,1431573,321,39,0,300,159,24,0,142
"151","Florida","Osceola",97,391118,338,22,0,364,170,12,0,182
"152","Florida","Palm Beach",99,1494173,321,36,0,218,154,28,0,125
"153","Florida","Pasco",101,566126,336,29,0,365,171,11,0,182
"154","Florida","Pinellas",103,959465,296,69,0,213,147,36,0,113
"155","Florida","Polk",105,730111,314,51,0,248,146,36,0,116
"156","Florida","Putnam",107,73376,347,5,0,0,181,1,0,0
"157","Florida","Santa Rosa",113,188989,307,57,0,241,148,33,0,125
"158","Florida","Sarasota",115,436207,323,42,0,246,149,33,0,122
"159","Florida","Seminole",117,471428,322,42,0,297,161,21,0,137
"160","Florida","St. Lucie",111,331428,342,10,0,352,167,9,0,176
"161","Florida","Volusia",127,555764,316,34,0,241,158,22,0,113
"162","Florida","Wakulla",129,33895,316,47,0,256,155,22,2,104
"163","Georgia","Bibb",21,157025,278,84,0,158,245,29,0,137
"164","Georgia","Charlton",49,12532,100,3,0,0,19,0,0,0
"165","Georgia","Chatham",51,295064,295,70,0,146,239,33,0,109
"166","Georgia","Chattooga",55,24922,231,13,0,244,213,1,0,214
"167","Georgia","Clarke",59,128550,245,120,0,136,219,25,0,109
"168","Georgia","Clayton",63,297623,98,21,0,0,69,12,0,0
"169","Georgia","Cobb",67,766374,224,57,0,210,188,16,0,164
"170","Georgia","Coffee",69,43052,107,14,0,0,78,1,0,0
"171","Georgia","Columbia",73,156849,229,16,0,245,178,2,0,180
"172","Georgia","Dawson",85,27056,225,18,0,244,208,6,0,214
"173","Georgia","DeKalb",89,764420,251,110,1,156,241,33,0,126
"174","Georgia","Dougherty",95,85153,236,118,0,0,182,60,0,0
"175","Georgia","Douglas",97,144552,212,28,0,245,207,7,0,214
"176","Georgia","Floyd",115,98575,217,148,0,0,246,28,0,0
"177","Georgia","Fulton",121,1069370,192,166,1,130,203,69,0,102
"178","Georgia","Glynn",127,84471,254,25,0,224,229,5,0,190
"179","Georgia","Gwinnett",135,958005,221,132,0,152,210,31,0,119
"180","Georgia","Hall",139,203735,259,81,0,0,200,38,0,0
"181","Georgia","Henry",151,241848,283,73,0,166,216,28,0,127
"182","Georgia","Houston",153,164343,246,106,1,0,201,39,0,0
"183","Georgia","Lowndes",185,118415,255,54,0,0,105,13,0,0
"184","Georgia","Murray",213,40012,230,39,0,239,187,10,0,181
"185","Georgia","Muscogee",215,206998,274,90,0,149,240,33,0,139
"186","Georgia","Pike",231,18936,307,43,0,353,229,3,0,232
"187","Georgia","Richmond",245,206526,231,131,0,127,220,50,0,89
"188","Georgia","Rockdale",247,93644,186,50,0,241,201,12,0,213
"189","Georgia","Sumter",261,29516,211,27,0,238,209,3,0,212
"190","Georgia","Walker",295,67742,269,87,0,0,151,26,0,0
"191","Georgia","Washington",303,19948,176,34,0,0,201,30,0,0
"192","Hawaii","Hawaii",1,200712,357,8,0,0,242,2,0,0
"193","Hawaii","Honolulu",3,1012305,339,26,0,262,176,7,0,157
"194","Hawaii","Kauai",7,73186,363,2,0,0,182,0,0,0
"195","Hawaii","Maui",9,164760,347,11,1,0,168,2,0,0
"196","Idaho","Ada",1,498260,317,48,0,240,172,11,0,137
"197","Idaho","Bannock",5,87270,344,21,0,0,154,27,0,69
"198","Idaho","Benewah",9,9576,242,111,2,0,155,27,0,0
"199","Idaho","Blaine",13,24342,313,1,0,0,182,0,0,0
"200","Idaho","Boise",15,7662,290,72,1,0,166,16,0,0
"201","Idaho","Bonner",17,47402,316,48,0,0,179,3,0,0
"202","Idaho","Bonneville",19,124716,342,15,0,0,177,3,0,0
"203","Idaho","Butte",23,2583,348,13,0,359,222,19,0,242
"204","Idaho","Canyon",27,232998,311,54,0,0,166,16,0,0
"205","Idaho","Caribou",29,7012,326,2,0,0,171,4,0,0
"206","Idaho","Custer",37,4265,96,0,0,0,20,0,0,0
"207","Idaho","Franklin",41,14284,333,28,0,0,170,11,0,0
"208","Idaho","Idaho",49,16588,297,68,0,214,243,23,6,167
"209","Idaho","Jerome",53,24268,353,0,0,0,213,0,0,0
"210","Idaho","Kootenai",55,172790,318,37,0,0,180,0,0,0
"211","Idaho","Latah",57,39629,350,0,0,0,182,0,0,0
"212","Idaho","Lemhi",59,7958,269,87,0,0,122,57,0,0
"213","Idaho","Nez Perce",69,42141,309,51,0,0,249,16,5,0
"214","Idaho","Shoshone",79,13195,260,102,0,0,150,32,0,0
"215","Idaho","Twin Falls",83,90361,361,4,0,0,180,0,0,0
"216","Idaho","Valley",85,11842,290,67,0,0,138,12,0,0
"217","Illinois","Adams",1,65612,208,33,0,241,189,24,0,213
"218","Illinois","Champaign",19,205629,281,84,0,235,226,46,0,185
"219","Illinois","Clark",23,15423,314,13,0,327,255,16,0,271
"220","Illinois","Cook",31,5261249,150,206,0,91,112,144,4,112
"221","Illinois","DuPage",43,931244,257,92,1,172,209,61,1,148
"222","Illinois","Effingham",49,34695,224,21,0,245,125,10,0,135
"223","Illinois","Hamilton",65,7997,269,74,0,198,206,54,0,139
"224","Illinois","Jersey",83,21495,284,61,0,207,231,34,0,176
"225","Illinois","Jo Daviess",85,22057,351,12,0,363,215,16,0,231
"226","Illinois","Kane",89,516141,229,51,0,226,181,39,1,185
"227","Illinois","Lake",97,713251,210,33,0,245,169,30,1,210
"228","Illinois","Macon",115,103756,255,110,0,148,215,59,0,119
"229","Illinois","Macoupin",117,44845,348,17,0,245,255,18,0,204
"230","Illinois","Madison",119,265610,192,170,2,186,158,113,0,136
"231","Illinois","McHenry",111,309886,230,108,0,142,186,51,0,126
"232","Illinois","McLean",113,170954,256,108,0,174,211,58,0,154
"233","Illinois","Monroe",133,34952,286,0,0,0,182,0,0,0
"234","Illinois","Peoria",143,181322,284,78,0,203,233,40,0,193
"235","Illinois","Randolph",157,30086,264,60,0,209,228,44,0,157
"236","Illinois","Rock Island",161,144359,281,78,0,186,225,42,0,144
"237","Illinois","Sangamon",167,196122,287,73,0,183,235,37,0,179
"238","Illinois","Tazewell",179,131073,346,0,0,0,274,0,0,0
"239","Illinois","Wabash",185,11315,361,3,0,0,270,4,0,0
"240","Illinois","Will",197,695844,260,105,0,140,195,72,1,132
"241","Illinois","Winnebago",201,284928,240,100,0,147,213,60,0,132
"242","Indiana","Allen",3,386082,262,102,0,218,221,51,0,194
"243","Indiana","Bartholomew",5,82216,298,66,0,268,241,33,0,221
"244","Indiana","Boone",11,71134,320,31,0,351,239,19,0,260
"245","Indiana","Brown",13,15482,349,16,0,365,257,15,0,272
"246","Indiana","Carroll",15,20331,333,25,0,358,260,12,0,272
"247","Indiana","Clark",19,121353,287,77,0,246,218,56,0,155
"248","Indiana","Daviess",27,33366,350,0,0,0,270,0,0,0
"249","Indiana","Delaware",35,111763,319,33,0,303,242,31,0,242
"250","Indiana","Dubois",37,43643,102,18,0,0,80,13,0,0
"251","Indiana","Elkhart",39,206983,294,71,0,231,244,28,2,198
"252","Indiana","Floyd",43,80509,338,25,0,360,258,15,0,274
"253","Indiana","Gibson",51,33055,355,4,0,0,257,13,0,0
"254","Indiana","Greene",55,30804,318,37,0,315,242,27,0,245
"255","Indiana","Hamilton",57,348966,268,95,0,217,240,34,0,193
"256","Indiana","Hendricks",63,175575,348,13,0,361,257,17,0,274
"257","Indiana","Henry",65,48903,106,13,0,0,80,9,0,0
"258","Indiana","Howard",67,83588,289,71,0,238,237,36,0,209
"259","Indiana","Knox",83,36248,328,31,0,359,211,21,0,233
"260","Indiana","Lake",89,498932,225,139,0,149,187,81,0,148
"261","Indiana","LaPorte",91,112276,305,55,0,331,224,43,1,249
"262","Indiana","Madison",95,130195,286,78,0,226,235,39,0,188
"263","Indiana","Marion",97,976631,153,208,0,110,161,111,0,119
"264","Indiana","Monroe",105,139571,296,50,0,0,229,19,0,0
"265","Indiana","Perry",123,19151,322,36,0,358,261,12,0,274
"266","Indiana","Porter",127,173295,264,93,0,204,213,51,1,192
"267","Indiana","Posey",129,25173,341,23,0,364,244,18,0,263
"268","Indiana","Shelby",145,45058,338,27,0,365,255,18,0,274
"269","Indiana","Spencer",147,19835,101,16,0,0,81,11,0,0
"270","Indiana","St. Joseph",141,272672,276,89,0,227,215,55,1,195
"271","Indiana","Sullivan",153,20819,99,17,0,0,27,4,0,0
"272","Indiana","Tippecanoe",157,186369,284,67,0,0,172,64,0,0
"273","Indiana","Vanderburgh",163,180331,296,69,0,220,235,38,0,201
"274","Indiana","Vigo",167,106119,238,126,0,184,232,41,0,197
"275","Indiana","Wabash",169,30936,319,32,0,351,217,25,0,242
"276","Indiana","Warrick",173,63996,337,28,0,365,255,17,0,274
"277","Indiana","Whitley",183,34338,285,67,0,0,181,56,0,0
"278","Iowa","Black Hawk",13,131034,296,67,0,0,267,38,0,0
"279","Iowa","Bremer",17,25003,228,15,0,243,232,12,0,244
"280","Iowa","Cerro Gordo",33,43023,118,0,0,0,93,0,0,0
"281","Iowa","Clinton",45,46432,268,96,0,155,244,60,0,178
"282","Iowa","Harrison",85,14564,222,19,0,241,223,19,0,242
"283","Iowa","Johnson",103,153042,278,86,0,0,243,58,0,0
"284","Iowa","Lee",111,33520,101,19,0,0,82,9,0,0
"285","Iowa","Linn",113,230411,287,78,0,175,231,73,0,132
"286","Iowa","Montgomery",137,10330,312,52,0,204,271,34,0,177
"287","Iowa","Muscatine",139,43141,300,65,0,0,269,35,0,0
"288","Iowa","Palo Alto",147,8989,305,59,0,187,272,33,0,194
"289","Iowa","Polk",153,492997,306,59,0,246,263,40,2,187
"290","Iowa","Pottawattamie",155,93670,111,19,0,0,85,9,0,0
"291","Iowa","Scott",163,174596,222,141,0,125,195,108,1,107
"292","Iowa","Van Buren",177,7217,310,51,0,192,285,20,0,191
"293","Iowa","Woodbury",193,105904,105,13,0,0,83,9,0,0
"294","Kansas","Chase",17,2574,112,5,0,0,20,0,0,0
"295","Kansas","Ford",57,34208,301,3,0,0,154,1,0,0
"296","Kansas","Johnson",91,611101,336,26,0,282,157,25,0,130
"297","Kansas","Leavenworth",103,81953,347,15,0,362,176,6,0,182
"298","Kansas","Neosho",133,15905,282,82,0,184,154,26,0,108
"299","Kansas","Sedgwick",173,524786,313,52,0,297,158,22,0,154
"300","Kansas","Shawnee",177,178698,294,70,1,191,146,33,2,111
"301","Kansas","Sherman",181,5895,354,4,0,0,177,5,0,0
"302","Kansas","Sumner",191,22342,317,48,0,274,151,29,0,122
"303","Kansas","Trego",195,2805,342,21,1,298,165,17,0,167
"304","Kansas","Wyandotte",209,168904,291,73,0,198,114,67,0,69
"305","Kentucky","Bell",13,23984,243,20,0,234,128,3,0,117
"306","Kentucky","Boone",15,136465,222,17,0,239,111,8,0,119
"307","Kentucky","Boyd",19,48197,313,52,0,192,178,9,0,105
"308","Kentucky","Bullitt",29,82355,214,29,0,243,108,11,0,119
"309","Kentucky","Campbell",37,93129,299,63,0,189,160,22,0,95
"310","Kentucky","Carter",43,26607,278,7,0,231,148,0,0,116
"311","Kentucky","Christian",47,72768,251,27,0,215,127,14,0,116
"312","Kentucky","Daviess",59,103391,282,81,0,192,154,27,0,96
"313","Kentucky","Edmonson",61,12153,290,75,0,231,237,8,0,236
"314","Kentucky","Fayette",67,322613,307,57,0,182,171,16,0,92
"315","Kentucky","Greenup",89,35887,357,5,0,242,180,1,0,121
"316","Kentucky","Hancock",91,9105,208,37,0,245,112,10,0,122
"317","Kentucky","Hardin",93,110816,318,45,0,182,162,20,0,98
"318","Kentucky","Henderson",101,44668,310,43,0,0,167,12,0,0
"319","Kentucky","Jefferson",111,782783,200,163,0,164,64,28,0,24
"320","Kentucky","Jessamine",113,53016,340,24,0,245,173,7,0,122
"321","Kentucky","Livingston",139,8873,237,24,0,242,121,10,0,119
"322","Kentucky","McCracken",145,67911,260,101,0,161,154,32,0,96
"323","Kentucky","Morgan",175,13729,341,15,0,356,239,4,0,243
"324","Kentucky","Oldham",185,67692,203,38,0,242,106,12,0,118
"325","Kentucky","Perry",193,28360,306,47,0,181,170,10,0,87
"326","Kentucky","Pike",195,58443,341,20,0,184,176,5,0,103
"327","Kentucky","Pulaski",199,65104,267,15,0,223,134,8,0,118
"328","Kentucky","Simpson",213,19626,222,22,0,244,117,4,0,121
"329","Kentucky","Trigg",221,14080,328,25,0,353,228,12,0,240
"330","Kentucky","Warren",227,135013,295,53,0,170,157,25,0,75
"331","Kentucky","Washington",229,12042,331,33,0,364,232,11,0,243
"332","Maine","Androscoggin",1,111180,345,16,0,199,294,11,0,191
"333","Maine","Aroostook",3,67064,333,30,1,253,249,24,1,173
"334","Maine","Cumberland",5,303570,314,51,0,169,270,36,0,214
"335","Maine","Hancock",9,55500,347,17,0,343,279,26,0,300
"336","Maine","Kennebec",11,123832,356,5,0,211,212,3,0,197
"337","Maine","Knox",13,40657,204,9,0,213,142,6,0,148
"338","Maine","Oxford",17,57894,323,11,0,175,267,3,0,228
"339","Maine","Penobscot",19,152165,349,13,0,207,295,10,0,209
"340","Maine","Washington",29,31087,360,3,0,363,276,2,0,278
"341","Maine","York",31,212256,216,14,0,231,223,12,0,235
"342","Maryland","Allegany",1,67955,332,21,1,0,156,0,0,0
"343","Maryland","Anne Arundel",3,589054,270,78,0,242,269,25,0,240
"344","Maryland","Baltimore",5,853325,263,93,0,266,260,42,0,245
"345","Maryland","Calvert",9,92905,214,18,0,232,204,3,0,207
"346","Maryland","Carroll",13,172923,205,35,0,241,194,17,0,211
"347","Maryland","Cecil",15,103793,290,68,0,228,281,20,0,228
"348","Maryland","Charles",17,166726,202,19,0,221,204,1,0,205
"349","Maryland","Dorchester",19,32528,304,58,0,329,260,13,0,268
"350","Maryland","Frederick",21,272765,198,44,0,243,185,20,0,205
"351","Maryland","Garrett",23,28792,345,20,0,270,265,8,0,258
"352","Maryland","Harford",25,261213,261,89,0,231,264,38,0,237
"353","Maryland","Howard",27,332786,319,46,0,0,263,10,0,0
"354","Maryland","Kent",29,19114,298,61,0,233,259,12,0,208
"355","Maryland","Montgomery",31,1060825,313,48,0,220,287,12,0,223
"356","Maryland","Prince George's",33,965290,268,91,0,294,281,23,0,279
"357","Maryland","Washington",43,154677,313,47,0,214,275,28,0,219
"358","Massachusetts","Barnstable",1,228856,348,11,0,356,196,5,0,200
"359","Massachusetts","Berkshire",3,128774,320,44,0,247,202,22,0,157
"360","Massachusetts","Bristol",5,576737,323,41,0,296,173,37,0,141
"361","Massachusetts","Dukes",7,20579,331,17,0,343,203,6,0,210
"362","Massachusetts","Essex",9,808491,329,34,0,287,199,20,0,158
"363","Massachusetts","Franklin",11,70930,326,38,0,251,200,23,0,131
"364","Massachusetts","Hampden",13,464407,308,56,0,237,189,35,0,141
"365","Massachusetts","Hampshire",15,146592,332,32,0,288,203,16,0,147
"366","Massachusetts","Middlesex",17,1628671,337,27,0,250,197,16,0,165
"367","Massachusetts","Norfolk",21,724322,352,10,0,349,213,0,0,183
"368","Massachusetts","Plymouth",23,530154,336,27,0,274,199,20,0,143
"369","Massachusetts","Suffolk",25,793271,310,55,0,136,205,19,0,101
"370","Massachusetts","Worcester",27,859708,314,51,0,221,192,27,0,144
"371","Michigan","Allegan",5,120647,227,45,0,241,158,13,0,123
"372","Michigan","Bay",17,103733,288,28,0,0,177,4,0,0
"373","Michigan","Benzie",19,17997,232,15,0,247,127,9,1,138
"374","Michigan","Berrien",21,154183,232,26,0,260,119,9,0,134
"375","Michigan","Cass",27,51550,229,26,0,255,113,15,0,132
"376","Michigan","Clinton",37,79157,243,5,0,248,125,8,0,133
"377","Michigan","Genesee",49,405757,282,58,0,194,161,20,0,128
"378","Michigan","Huron",63,31371,250,9,0,259,127,8,0,139
"379","Michigan","Ingham",65,284640,331,34,0,233,165,17,0,133
"380","Michigan","Kalamazoo",77,261767,312,50,0,200,159,18,0,122
"381","Michigan","Kent",81,658460,310,55,0,257,152,26,0,133
"382","Michigan","Keweenaw",83,2068,116,1,0,0,20,0,0,0
"383","Michigan","Lenawee",91,99320,286,72,0,192,149,32,0,102
"384","Michigan","Macomb",99,880176,251,40,0,244,134,13,0,134
"385","Michigan","Manistee",101,25061,249,19,0,241,36,2,0,0
"386","Michigan","Mason",105,29038,244,10,0,254,202,20,1,224
"387","Michigan","Missaukee",113,15057,334,29,0,306,246,26,0,211
"388","Michigan","Monroe",115,154893,355,4,0,0,196,2,0,0
"389","Michigan","Muskegon",121,175848,236,25,0,262,106,14,0,124
"390","Michigan","Oakland",125,1272413,246,45,0,242,132,19,0,128
"391","Michigan","Ottawa",139,296889,313,52,0,230,159,18,0,121
"392","Michigan","Schoolcraft",153,8056,347,17,0,243,155,5,0,136
"393","Michigan","St. Clair",147,160375,275,87,0,172,155,25,0,103
"394","Michigan","Tuscola",157,53310,345,10,0,355,210,10,0,222
"395","Michigan","Washtenaw",161,371817,294,71,0,243,199,42,0,193
"396","Michigan","Wayne",163,1789129,155,200,0,72,108,73,0,62
"397","Michigan","Wexford",165,33685,322,18,0,340,223,14,0,237
"398","Minnesota","Anoka",3,364458,315,48,0,245,161,22,0,116
"399","Minnesota","Becker",5,35194,336,23,0,183,166,15,0,115
"400","Minnesota","Beltrami",7,46243,332,18,1,0,177,3,0,0
"401","Minnesota","Carlton",17,36193,346,10,0,218,175,3,0,105
"402","Minnesota","Cass",21,30142,332,17,0,0,172,4,0,0
"403","Minnesota","Cook",31,5595,325,9,0,0,180,2,0,0
"404","Minnesota","Crow Wing",35,66277,334,24,0,173,174,8,0,96
"405","Minnesota","Dakota",37,440393,306,59,0,0,163,20,0,0
"406","Minnesota","Goodhue",49,47575,203,13,0,216,100,8,0,108
"407","Minnesota","Hennepin",53,1281568,245,120,0,58,128,55,0,12
"408","Minnesota","Lake",75,10918,343,20,0,151,175,7,0,112
"409","Minnesota","Lyon",83,25170,327,35,0,204,165,14,0,107
"410","Minnesota","Mille Lacs",95,26462,239,8,0,247,91,0,0,91
"411","Minnesota","Olmsted",109,163028,313,51,0,195,151,31,0,109
"412","Minnesota","Ramsey",123,551699,296,69,0,0,162,20,0,0
"413","Minnesota","Scott",139,151350,314,51,0,247,168,14,0,126
"414","Minnesota","Stearns",145,158467,313,31,0,211,165,17,0,106
"415","Minnesota","Washington",163,268372,313,48,1,169,177,5,0,93
"416","Minnesota","Winona",169,49640,108,7,0,0,19,1,0,0
"417","Minnesota","Wright",171,141860,322,40,0,206,155,18,0,100
"418","Mississippi","Bolivar",11,30827,270,94,0,138,224,50,0,135
"419","Mississippi","DeSoto",33,186107,296,67,0,154,229,44,0,128
"420","Mississippi","Forrest",35,78185,298,60,0,0,219,55,0,0
"421","Mississippi","Hancock",45,46117,316,49,0,184,226,40,0,126
"422","Mississippi","Harrison",47,208811,284,79,0,136,197,69,0,98
"423","Mississippi","Hinds",49,226763,256,109,0,143,203,81,0,87
"424","Mississippi","Jackson",59,143377,289,75,0,155,220,51,0,130
"425","Mississippi","Lauderdale",75,72672,229,16,0,245,209,0,0,209
"426","Mississippi","Lee",81,83310,222,19,0,241,204,1,0,205
"427","Mississippi","Yalobusha",161,12443,334,14,0,348,224,3,0,227
"428","Missouri","Andrew",3,18098,227,18,0,245,134,19,0,153
"429","Missouri","Boone",19,184035,239,6,0,245,144,9,0,153
"430","Missouri","Buchanan",21,84460,295,70,0,0,180,31,0,0
"431","Missouri","Callaway",27,44337,238,7,0,245,142,11,0,153
"432","Missouri","Cass",37,108145,319,46,0,213,190,19,0,133
"433","Missouri","Cedar",39,14210,285,66,0,162,177,22,0,130
"434","Missouri","Clay",47,254112,295,70,0,225,182,30,0,138
"435","Missouri","Clinton",49,21210,213,32,0,245,138,15,0,153
"436","Missouri","Franklin",71,104853,361,3,0,0,179,3,0,0
"437","Missouri","Greene",77,299312,322,43,0,197,189,23,0,114
"438","Missouri","Iron",93,9514,338,27,0,0,194,19,0,0
"439","Missouri","Jackson",95,717572,265,100,0,0,156,55,1,0
"440","Missouri","Jasper",97,122878,324,40,0,220,186,27,0,136
"441","Missouri","Jefferson",99,226927,292,71,0,210,182,29,0,110
"442","Missouri","Lincoln",113,59849,223,22,0,245,138,14,0,153
"443","Missouri","Monroe",137,8686,357,8,0,365,207,6,0,210
"444","Missouri","New Madrid",143,16331,49,50,121,0,22,38,45,0
"445","Missouri","Perry",157,18969,224,21,0,245,139,14,0,153
"446","Missouri","Stoddard",207,28644,103,4,0,0,18,0,0,0
"447","Missouri","Taney",213,56057,117,4,0,0,20,0,0,0
"448","Montana","Cascade",13,84402,350,12,0,0,205,2,0,0
"449","Montana","Fergus",27,11469,348,17,0,335,210,3,0,204
"450","Montana","Flathead",29,104862,302,62,0,233,229,15,0,204
"451","Montana","Gallatin",31,119585,337,28,0,0,237,4,0,0
"452","Montana","Lake",47,31246,93,0,0,0,20,0,0,0
"453","Montana","Lewis and Clark",49,71168,288,75,0,252,198,16,0,190
"454","Montana","Lincoln",53,19739,222,141,0,0,141,71,0,0
"455","Montana","Missoula",63,118337,224,137,1,2,159,53,0,127
"456","Montana","Phillips",71,4208,356,9,0,332,204,8,0,191
"457","Montana","Powder River",75,1693,329,31,0,309,174,24,0,155
"458","Montana","Powell",77,6941,106,4,0,0,19,0,0,0
"459","Montana","Ravalli",81,44409,329,35,0,0,210,3,0,0
"460","Montana","Richland",83,11531,339,26,0,307,210,3,0,203
"461","Montana","Roosevelt",85,10794,93,0,0,0,19,0,0,0
"462","Montana","Rosebud",87,8305,351,13,0,316,188,2,0,184
"463","Montana","Sanders",89,12463,330,35,0,0,212,1,0,0
"464","Montana","Sheridan",91,3536,103,1,0,0,20,0,0,0
"465","Montana","Silver Bow",93,35201,319,44,0,0,206,7,0,0
"466","Montana","Yellowstone",111,165196,357,4,1,0,206,6,1,0
"467","Nebraska","Cass",25,26601,348,0,0,0,295,6,0,0
"468","Nebraska","Douglas",55,585386,312,53,0,214,238,35,1,158
"469","Nebraska","Hall",79,62760,92,5,0,0,263,22,0,0
"470","Nebraska","Knox",107,8396,342,13,0,355,221,22,0,243
"471","Nebraska","Lancaster",109,323144,338,22,0,229,237,7,0,171
"472","Nebraska","Sarpy",153,191157,298,52,0,0,205,30,0,0
"473","Nebraska","Scotts Bluff",157,36036,110,3,0,0,155,52,0,0
"474","Nebraska","Thomas",171,670,106,3,0,0,20,0,0,0
"475","Nebraska","Washington",177,20928,107,9,0,0,79,4,0,0
"476","Nevada","Carson City",510,58683,308,57,0,300,171,11,0,151
"477","Nevada","Churchill",1,25568,323,30,0,353,170,9,0,179
"478","Nevada","Clark",3,2274734,154,206,0,252,93,163,2,203
"479","Nevada","Douglas",5,49522,346,10,0,0,179,3,0,0
"480","Nevada","Elko",7,53670,363,2,0,0,177,2,0,0
"481","Nevada","Lyon",19,59466,344,12,0,346,175,4,0,178
"482","Nevada","Nye",23,51960,352,12,0,0,176,6,0,0
"483","Nevada","Washoe",31,487674,244,121,0,294,177,57,5,209
"484","Nevada","White Pine",33,9051,294,67,0,361,184,53,0,240
"485","New Hampshire","Belknap",1,63775,308,8,0,181,176,1,0,118
"486","New Hampshire","Cheshire",5,76541,348,17,0,303,172,10,0,147
"487","New Hampshire","Coos",7,31227,314,10,0,304,157,25,0,182
"488","New Hampshire","Grafton",9,91177,352,13,0,311,242,2,0,232
"489","New Hampshire","Hillsborough",11,422883,353,12,0,356,179,4,0,182
"490","New Hampshire","Merrimack",13,154022,360,5,0,209,180,2,0,121
"491","New Hampshire","Rockingham",15,314603,343,21,0,316,163,20,0,153
"492","New Jersey","Atlantic",1,274172,328,36,0,262,174,8,0,147
"493","New Jersey","Bergen",3,953617,228,132,0,96,154,29,0,99
"494","New Jersey","Camden",7,523074,240,120,0,202,161,22,0,122
"495","New Jersey","Cumberland",11,153692,297,61,0,268,166,16,0,125
"496","New Jersey","Essex",13,859924,265,100,0,160,157,26,0,92
"497","New Jersey","Gloucester",15,302554,242,37,0,226,93,6,0,99
"498","New Jersey","Hudson",17,721832,268,97,0,136,164,18,0,102
"499","New Jersey","Hunterdon",19,128786,295,66,0,271,166,16,0,136
"500","New Jersey","Mercer",21,386441,280,83,0,266,211,30,0,202
"501","New Jersey","Middlesex",23,861314,285,74,0,247,164,16,0,124
"502","New Jersey","Monmouth",25,642771,217,23,0,240,115,7,0,122
"503","New Jersey","Morris",27,508384,336,28,0,335,174,8,0,176
"504","New Jersey","Ocean",29,638422,291,56,0,218,118,4,0,118
"505","New Jersey","Passaic",31,523406,242,34,0,224,118,4,0,122
"506","New Jersey","Union",39,573617,258,107,0,0,163,20,0,0
"507","New Jersey","Warren",41,109513,320,43,0,197,166,16,0,121
"508","New Mexico","Bernalillo",1,676803,164,197,0,248,103,80,0,126
"509","New Mexico","Catron",3,3611,111,0,0,0,20,0,0,0
"510","New Mexico","Chaves",5,65148,117,1,0,0,20,0,0,0
"511","New Mexico","Eddy",15,62329,212,134,2,363,162,73,0,239
"512","New Mexico","Lea",25,74635,252,109,0,309,174,8,0,170
"513","New Mexico","Lincoln",27,20313,107,0,0,0,17,0,0,0
"514","New Mexico","Los Alamos",28,19415,117,0,0,0,20,0,0,0
"515","New Mexico","Luna",29,25447,349,10,0,0,249,12,0,0
"516","New Mexico","Rio Arriba",39,40269,315,43,0,354,153,26,0,179
"517","New Mexico","San Juan",45,121368,208,157,0,362,209,65,0,244
"518","New Mexico","Sandoval",43,149276,276,87,0,356,137,43,0,180
"519","New Mexico","Santa Fe",49,155041,274,87,0,352,225,47,0,178
"520","New Mexico","Socorro",53,16558,92,0,0,0,20,0,0,0
"521","New Mexico","Taos",55,34459,334,24,0,0,172,9,0,0
"522","New Mexico","Valencia",61,76369,270,87,0,357,146,30,0,176
"523","New York","Albany",1,313987,322,43,0,242,241,33,0,161
"524","New York","Bronx",5,1461125,280,82,0,164,214,60,0,158
"525","New York","Chautauqua",13,127578,337,27,0,320,249,23,0,264
"526","New York","Dutchess",27,295398,353,12,0,331,265,9,0,240
"527","New York","Erie",29,952598,310,55,0,221,236,37,2,205
"528","New York","Essex",31,37326,332,33,0,362,260,14,0,266
"529","New York","Hamilton",41,5073,358,2,0,323,267,3,0,267
"530","New York","Jefferson",45,116273,198,7,0,205,256,13,0,269
"531","New York","Kings",47,2719044,335,30,0,0,256,17,0,0
"532","New York","Monroe",55,757790,321,44,0,235,242,33,0,210
"533","New York","Nassau",59,1390559,344,19,0,0,264,8,0,0
"534","New York","New York",61,1677306,293,70,0,184,232,42,0,199
"535","New York","Niagara",63,212125,339,13,0,352,252,18,0,270
"536","New York","Oneida",65,231575,345,10,0,0,263,9,0,0
"537","New York","Onondaga",67,474316,337,28,0,281,249,23,0,222
"538","New York","Orange",71,401088,343,22,0,275,259,15,0,202
"539","New York","Oswego",75,117440,316,5,0,321,259,10,0,269
"540","New York","Putnam",79,97632,348,15,0,329,262,6,0,229
"541","New York","Queens",81,2388586,292,69,0,189,221,51,0,184
"542","New York","Richmond",85,494586,314,51,0,224,238,32,0,190
"543","New York","Rockland",87,337394,335,29,0,296,255,19,0,236
"544","New York","Saratoga",91,235794,328,3,0,331,224,4,0,228
"545","New York","St. Lawrence",89,108554,279,76,0,0,216,44,0,0
"546","New York","Steuben",101,93314,349,16,0,292,268,7,0,215
"547","New York","Suffolk",103,1521950,300,56,0,295,225,43,0,227
"548","New York","Tompkins",109,99784,358,7,0,353,239,3,0,242
"549","New York","Wayne",117,91193,253,15,0,268,217,20,0,237
"550","New York","Westchester",119,1001431,330,34,0,292,242,29,0,221
"551","North Carolina","Alexander",3,36482,274,31,0,245,266,3,0,212
"552","North Carolina","Avery",11,17848,335,28,0,361,261,13,0,273
"553","North Carolina","Beaufort",13,44690,352,0,0,0,259,0,0,0
"554","North Carolina","Brunswick",19,138157,325,24,0,0,242,10,0,0
"555","North Carolina","Buncombe",21,269694,328,37,0,197,266,8,0,194
"556","North Carolina","Caldwell",27,80632,275,29,0,243,271,0,0,212
"557","North Carolina","Carteret",31,67724,239,20,0,259,237,3,0,240
"558","North Carolina","Caswell",33,22699,236,9,0,245,264,5,0,210
"559","North Carolina","Catawba",35,160892,298,63,0,0,216,23,0,0
"560","North Carolina","Cumberland",51,334391,282,81,0,206,250,23,0,174
"561","North Carolina","Davidson",57,169196,272,78,0,0,183,27,0,0
"562","North Carolina","Durham",63,325561,293,71,0,203,258,15,0,166
"563","North Carolina","Edgecombe",65,48777,325,38,0,200,247,14,0,166
"564","North Carolina","Forsyth",67,383166,236,129,0,180,204,40,0,147
"565","North Carolina","Graham",75,8035,191,54,0,245,196,15,0,211
"566","North Carolina","Granville",77,61060,195,45,0,240,206,1,0,207
"567","North Carolina","Guilford",81,539498,293,72,0,222,259,15,0,183
"568","North Carolina","Haywood",87,62223,296,66,0,244,248,26,0,213
"569","North Carolina","Hyde",95,4551,101,2,0,0,18,0,0,0
"570","North Carolina","Jackson",99,42231,100,3,0,0,20,0,0,0
"571","North Carolina","Johnston",101,217787,294,69,0,166,236,15,0,167
"572","North Carolina","Lenoir",107,55050,205,32,0,237,201,6,0,207
"573","North Carolina","Lincoln",109,87206,178,65,0,243,212,2,0,214
"574","North Carolina","Macon",113,37092,343,15,0,358,236,2,0,238
"575","North Carolina","Martin",117,21953,322,34,0,237,271,0,0,209
"576","North Carolina","Mecklenburg",119,1116788,234,121,0,217,259,45,0,190
"577","North Carolina","Mitchell",121,14906,325,8,0,0,228,6,0,0
"578","North Carolina","Montgomery",123,25719,308,57,0,248,231,13,0,151
"579","North Carolina","New Hanover",129,226307,319,29,0,222,255,10,0,198
"580","North Carolina","Northampton",131,17435,138,15,0,0,257,10,0,0
"581","North Carolina","Person",145,39187,314,48,0,240,268,4,0,203
"582","North Carolina","Pitt",147,170378,308,44,0,208,255,16,0,180
"583","North Carolina","Rockingham",157,91188,207,38,0,245,208,5,0,212
"584","North Carolina","Rowan",159,147148,289,76,0,325,246,27,0,211
"585","North Carolina","Swain",173,14099,323,39,0,182,267,6,0,184
"586","North Carolina","Union",179,239443,175,57,0,235,210,0,0,210
"587","North Carolina","Wake",183,1130685,245,120,0,175,219,54,0,155
"588","North Carolina","Yancey",199,18490,191,53,0,244,175,37,0,213
"589","North Dakota","Billings",7,933,354,11,0,327,267,6,0,254
"590","North Dakota","Burke",13,2208,354,11,0,324,265,8,0,230
"591","North Dakota","Burleigh",15,98594,331,34,0,212,251,23,0,183
"592","North Dakota","Cass",17,184874,327,34,1,264,257,14,0,223
"593","North Dakota","Dunn",25,4100,348,17,0,339,270,4,0,260
"594","North Dakota","McKenzie",53,14776,353,12,0,338,265,6,0,255
"595","North Dakota","Mercer",57,8348,341,24,0,270,258,11,0,212
"596","North Dakota","Oliver",65,1869,339,26,0,342,260,14,0,242
"597","North Dakota","Ward",101,69923,347,17,0,262,267,7,0,251
"598","North Dakota","Williams",105,41184,309,53,0,253,182,0,0,0
"599","Ohio","Adams",1,27440,361,4,0,0,255,18,0,0
"600","Ohio","Allen",3,102107,303,61,0,214,234,33,0,200
"601","Ohio","Ashtabula",7,97516,334,23,0,245,257,17,0,211
"602","Ohio","Athens",9,62371,116,4,0,0,49,2,0,0
"603","Ohio","Belmont",13,66283,349,16,0,0,266,8,0,0
"604","Ohio","Butler",17,390872,247,105,0,275,222,49,0,231
"605","Ohio","Clark",23,135879,220,143,0,157,224,49,0,183
"606","Ohio","Clermont",25,208738,287,67,0,213,241,33,0,189
"607","Ohio","Clinton",27,42023,203,41,0,244,174,24,0,198
"608","Ohio","Columbiana",29,101634,350,0,0,0,273,0,0,0
"609","Ohio","Cuyahoga",35,1262523,188,173,0,133,172,95,1,139
"610","Ohio","Delaware",41,215139,214,27,0,241,191,21,0,213
"611","Ohio","Fayette",47,28971,332,23,0,355,216,22,0,238
"612","Ohio","Franklin",49,1324357,244,120,0,174,225,49,0,178
"613","Ohio","Gallia",53,29241,337,26,0,0,251,20,0,0
"614","Ohio","Geauga",55,95347,189,39,0,230,183,31,0,214
"615","Ohio","Greene",57,168119,213,30,0,243,189,25,0,214
"616","Ohio","Hamilton",61,830320,162,197,0,152,165,104,0,117
"617","Ohio","Harrison",67,14486,290,3,0,0,227,0,0,0
"618","Ohio","Jefferson",81,65171,232,131,0,119,223,50,0,178
"619","Ohio","Knox",83,62783,218,27,0,245,195,19,0,214
"620","Ohio","Lake",85,232508,317,43,0,231,229,35,0,189
"621","Ohio","Lawrence",87,58136,328,37,0,197,255,19,0,180
"622","Ohio","Licking",89,178769,223,22,0,245,199,15,0,214
"623","Ohio","Lorain",93,313495,313,49,0,204,241,28,1,169
"624","Ohio","Lucas",95,430834,293,71,0,200,220,46,0,183
"625","Ohio","Madison",97,43853,209,36,0,245,189,25,0,214
"626","Ohio","Mahoning",99,228005,308,57,0,177,240,33,0,155
"627","Ohio","Medina",103,182636,304,49,0,163,244,30,0,163
"628","Ohio","Miami",109,108950,226,15,0,241,186,12,0,198
"629","Ohio","Montgomery",113,537093,229,136,0,168,196,72,0,153
"630","Ohio","Morgan",115,13756,351,0,0,0,261,0,0,0
"631","Ohio","Noble",121,14086,336,25,0,341,213,21,0,232
"632","Ohio","Portage",133,161833,252,18,0,214,199,32,0,211
"633","Ohio","Preble",135,41001,266,98,0,219,237,37,0,195
"634","Ohio","Scioto",145,73844,356,9,0,0,272,2,0,0
"635","Ohio","Stark",151,374486,226,139,0,164,194,77,0,156
"636","Ohio","Summit",153,539792,279,83,0,170,208,64,0,117
"637","Ohio","Trumbull",155,201672,295,67,0,208,240,27,1,199
"638","Ohio","Warren",165,243201,284,73,0,199,214,56,0,186
"639","Ohio","Washington",167,59644,219,26,0,245,202,11,0,214
"640","Ohio","Wood",173,132248,225,19,0,244,185,13,0,198
"641","Oklahoma","Adair",1,19451,338,27,0,262,168,11,1,106
"642","Oklahoma","Canadian",17,155425,306,48,0,355,246,24,0,270
"643","Oklahoma","Carter",19,48036,285,80,0,218,178,92,0,133
"644","Oklahoma","Cleveland",27,296207,231,134,0,192,189,81,0,146
"645","Oklahoma","Comanche",31,121125,285,80,0,223,221,50,0,170
"646","Oklahoma","Creek",37,71837,331,24,0,356,261,11,0,272
"647","Oklahoma","Dewey",43,4474,293,72,0,240,220,51,0,180
"648","Oklahoma","Garfield",47,62692,339,6,0,0,268,1,0,0
"649","Oklahoma","Grant",53,4174,27,0,0,0,16,0,0,0
"650","Oklahoma","Johnston",69,10241,128,13,0,141,210,17,0,227
"651","Oklahoma","Kay",71,43609,292,72,0,139,226,51,0,123
"652","Oklahoma","Mayes",97,39053,351,14,0,296,221,1,0,109
"653","Oklahoma","Muskogee",101,66241,269,15,1,0,230,0,0,0
"654","Oklahoma","Oklahoma",109,798200,227,137,0,204,168,103,0,134
"655","Oklahoma","Osage",113,45778,311,43,0,354,233,25,0,258
"656","Oklahoma","Ottawa",115,30229,289,73,0,80,147,19,1,67
"657","Oklahoma","Pittsburg",121,43784,272,91,0,238,221,51,0,157
"658","Oklahoma","Sequoyah",135,39246,325,36,0,201,194,16,0,107
"659","Oklahoma","Tulsa",143,670653,256,108,0,225,212,61,0,171
"660","Oregon","Baker",1,16725,328,32,0,0,178,4,0,0
"661","Oregon","Benton",3,95208,332,33,0,0,181,1,0,0
"662","Oregon","Clackamas",5,422444,217,7,0,143,79,0,0,61
"663","Oregon","Columbia",9,52730,355,8,0,141,151,1,0,61
"664","Oregon","Crook",13,24923,296,68,0,0,122,7,0,0
"665","Oregon","Deschutes",17,199454,341,19,1,0,182,0,0,0
"666","Oregon","Douglas",19,111288,288,59,0,0,86,5,0,0
"667","Oregon","Grant",23,7241,255,93,0,0,52,39,0,0
"668","Oregon","Harney",25,7502,264,95,0,0,63,37,0,0
"669","Oregon","Jackson",29,223614,295,63,4,141,173,19,0,61
"670","Oregon","Jefferson",31,24577,291,72,0,0,79,10,0,0
"671","Oregon","Josephine",33,88235,283,77,2,0,167,20,0,0
"672","Oregon","Klamath",35,69547,261,98,0,0,67,44,0,0
"673","Oregon","Lake",37,8167,311,51,0,0,117,12,0,0
"674","Oregon","Lane",39,383279,254,103,0,107,211,51,0,104
"675","Oregon","Linn",43,128978,280,83,0,0,161,21,0,0
"676","Oregon","Marion",47,346339,302,54,0,138,143,9,0,61
"677","Oregon","Multnomah",51,816467,321,44,0,228,175,16,0,120
"678","Oregon","Umatilla",59,80098,296,68,0,150,145,7,0,61
"679","Oregon","Union",61,26167,344,21,0,0,106,0,0,0
"680","Oregon","Wallowa",63,7401,333,29,0,0,180,2,0,0
"681","Oregon","Wasco",65,26631,298,52,0,0,82,9,0,0
"682","Oregon","Washington",67,601101,310,54,0,165,183,10,0,101
"683","Pennsylvania","Adams",1,103779,288,77,0,266,210,35,0,207
"684","Pennsylvania","Allegheny",3,1249524,138,212,4,98,165,103,0,141
"685","Pennsylvania","Armstrong",5,65459,323,42,0,246,211,30,0,138
"686","Pennsylvania","Beaver",7,167860,248,116,0,231,191,52,0,143
"687","Pennsylvania","Berks",11,428631,279,80,1,242,190,54,0,144
"688","Pennsylvania","Blair",13,122651,281,73,0,211,206,33,0,155
"689","Pennsylvania","Bradford",15,59969,314,38,0,242,230,11,0,162
"690","Pennsylvania","Bucks",17,646112,318,36,0,357,192,12,0,207
"691","Pennsylvania","Cambria",21,133199,296,69,0,189,210,35,0,113
"692","Pennsylvania","Centre",27,157962,267,98,0,203,217,27,0,198
"693","Pennsylvania","Chester",29,534783,266,96,0,257,189,40,0,137
"694","Pennsylvania","Clearfield",33,80438,357,2,0,359,201,2,0,203
"695","Pennsylvania","Cumberland",41,260223,268,92,0,0,198,43,0,0
"696","Pennsylvania","Dauphin",43,286685,286,75,1,237,188,56,0,138
"697","Pennsylvania","Delaware",45,576323,240,118,0,208,163,79,0,86
"698","Pennsylvania","Elk",47,30926,345,12,0,357,236,2,0,238
"699","Pennsylvania","Erie",49,270539,322,42,0,245,224,21,0,160
"700","Pennsylvania","Fayette",51,128569,313,47,0,271,218,23,0,147
"701","Pennsylvania","Franklin",55,155939,324,17,0,341,210,0,0,210
"702","Pennsylvania","Greene",59,35859,329,20,0,257,218,18,0,163
"703","Pennsylvania","Indiana",63,83142,337,27,0,348,224,12,0,201
"704","Pennsylvania","Lackawanna",69,215523,333,32,0,290,227,18,0,160
"705","Pennsylvania","Lancaster",71,552761,238,117,1,198,179,63,0,116
"706","Pennsylvania","Lawrence",73,85959,356,5,0,361,204,6,0,210
"707","Pennsylvania","Lebanon",75,143282,278,78,0,219,34,8,0,2
"708","Pennsylvania","Lehigh",77,374477,293,64,0,247,206,30,0,149
"709","Pennsylvania","Luzerne",79,325197,350,11,0,351,235,0,0,182
"710","Pennsylvania","Lycoming",81,114108,340,21,0,299,221,23,0,156
"711","Pennsylvania","Mercer",85,110534,290,75,0,259,213,30,0,190
"712","Pennsylvania","Monroe",89,168316,340,9,0,349,206,2,0,208
"713","Pennsylvania","Montgomery",91,856938,302,59,0,238,217,25,0,148
"714","Pennsylvania","Northampton",95,312774,286,74,0,242,213,26,0,154
"715","Pennsylvania","Philadelphia",101,1600600,244,115,0,206,146,36,0,94
"716","Pennsylvania","Somerset",111,74016,340,19,0,359,236,8,0,244
"717","Pennsylvania","Susquehanna",115,38334,328,24,0,0,238,6,0,0
"718","Pennsylvania","Tioga",117,41014,342,19,0,288,228,12,0,174
"719","Pennsylvania","Warren",123,38516,357,6,0,0,241,1,0,0
"720","Pennsylvania","Washington",125,209382,252,113,0,205,205,39,0,152
"721","Pennsylvania","Westmoreland",129,354316,319,35,0,278,223,16,0,171
"722","Pennsylvania","Wyoming",131,26030,19,8,0,0,232,10,0,0
"723","Pennsylvania","York",133,456692,299,66,0,232,201,43,0,126
"724","Rhode Island","Kent",3,170386,328,23,0,201,247,18,0,190
"725","Rhode Island","Providence",7,659920,298,67,0,248,234,39,0,176
"726","Rhode Island","Washington",9,129757,322,28,0,208,248,24,1,210
"727","South Carolina","Aiken",3,169163,230,35,0,265,219,1,0,220
"728","South Carolina","Anderson",7,204176,175,49,0,225,257,8,0,265
"729","South Carolina","Berkeley",15,231538,189,27,0,216,184,1,0,185
"730","South Carolina","Charleston",19,409716,305,51,0,223,250,23,0,116
"731","South Carolina","Chesterfield",25,43250,281,83,0,265,251,20,0,209
"732","South Carolina","Darlington",31,62843,227,55,0,282,220,0,0,220
"733","South Carolina","Edgefield",37,25672,299,66,0,227,260,13,0,178
"734","South Carolina","Florence",41,136811,323,38,0,0,253,12,0,0
"735","South Carolina","Greenville",45,527207,237,127,0,234,227,46,0,175
"736","South Carolina","Horry",51,353745,205,56,0,261,181,0,0,181
"737","South Carolina","Lexington",63,295033,309,56,0,0,255,17,0,0
"738","South Carolina","Oconee",73,78778,308,56,0,272,20,0,0,0
"739","South Carolina","Richland",79,415645,282,81,0,283,249,25,0,187
"740","South Carolina","Spartanburg",83,329365,249,106,0,221,235,37,0,158
"741","South Carolina","York",91,284032,262,95,0,250,260,14,0,201
"742","South Dakota","Brookings",11,34350,284,76,0,329,161,21,0,168
"743","South Dakota","Brown",13,38222,112,10,0,0,166,14,0,0
"744","South Dakota","Codington",29,28350,325,36,0,0,167,15,0,106
"745","South Dakota","Custer",33,8334,355,7,0,356,174,7,0,178
"746","South Dakota","Hughes",65,17745,350,6,0,0,176,2,0,0
"747","South Dakota","Jackson",71,2801,349,16,0,350,175,7,0,170
"748","South Dakota","Meade",93,29900,358,7,0,361,177,3,0,179
"749","South Dakota","Minnehaha",99,197686,321,43,0,307,163,20,0,130
"750","South Dakota","Pennington",103,109563,278,79,0,0,163,19,0,0
"751","South Dakota","Union",127,16853,327,37,0,267,161,20,0,152
"752","Tennessee","Anderson",1,77302,308,55,0,234,118,4,0,122
"753","Tennessee","Blount",9,135649,305,59,0,310,219,26,0,223
"754","Tennessee","Claiborne",25,32066,325,21,0,346,226,2,0,228
"755","Tennessee","Davidson",37,716058,248,116,0,132,153,29,0,73
"756","Tennessee","DeKalb",41,20187,335,28,0,363,215,4,0,219
"757","Tennessee","Dyer",45,36709,341,19,0,0,163,9,0,0
"758","Tennessee","Hamilton",65,367242,243,122,0,191,233,41,0,153
"759","Tennessee","Jefferson",89,54908,197,37,0,234,112,5,0,117
"760","Tennessee","Knox",93,480500,269,95,0,180,266,39,0,165
"761","Tennessee","Lawrence",99,44182,306,24,0,0,177,5,0,0
"762","Tennessee","Loudon",105,55127,313,52,0,151,169,13,0,98
"763","Tennessee","Madison",113,98833,330,32,0,0,172,3,0,0
"764","Tennessee","Maury",119,101824,352,10,0,0,168,3,0,0
"765","Tennessee","McMinn",107,53344,316,41,0,0,164,10,0,0
"766","Tennessee","Montgomery",125,221265,339,23,0,0,169,7,0,0
"767","Tennessee","Putnam",141,80052,351,9,0,0,175,4,0,0
"768","Tennessee","Roane",145,53510,338,18,0,0,149,5,0,0
"769","Tennessee","Sevier",155,98562,287,77,0,364,223,19,0,243
"770","Tennessee","Shelby",157,929388,239,122,0,200,120,63,0,82
"771","Tennessee","Sullivan",163,158237,237,107,0,159,165,15,0,100
"772","Tennessee","Sumner",165,197396,284,73,0,200,188,24,0,97
"773","Tennessee","Williamson",187,249538,215,30,0,245,112,9,0,121
"774","Tennessee","Wilson",189,148645,205,26,0,231,117,5,0,122
"775","Texas","Bell",27,372229,284,79,0,265,143,38,0,117
"776","Texas","Bexar",29,2015369,196,163,1,161,97,82,1,94
"777","Texas","Bowie",37,92924,254,94,0,0,150,31,0,0
"778","Texas","Brazoria",39,373481,325,33,1,360,161,21,0,178
"779","Texas","Brewster",43,9553,310,52,0,308,223,16,0,228
"780","Texas","Cameron",61,421445,236,129,0,128,106,68,3,42
"781","Texas","Collin",85,1075654,309,48,1,365,183,28,0,212
"782","Texas","Culberson",109,2185,158,16,0,103,20,0,0,0
"783","Texas","Dallas",113,2609966,227,132,0,199,169,41,0,148
"784","Texas","Denton",121,914324,280,73,0,287,155,54,0,163
"785","Texas","Ector",135,165485,319,35,0,0,179,18,0,0
"786","Texas","El Paso",141,866547,147,205,2,204,96,82,0,115
"787","Texas","Ellis",139,194295,300,65,0,269,168,44,0,144
"788","Texas","Freestone",161,19445,357,0,0,0,162,0,0,0
"789","Texas","Galveston",167,351559,293,64,0,261,140,40,0,146
"790","Texas","Gregg",183,124241,322,39,0,343,177,5,0,166
"791","Texas","Harris",201,4734505,179,159,4,154,91,85,2,77
"792","Texas","Harrison",203,68798,296,67,0,202,162,19,0,119
"793","Texas","Hidalgo",215,872806,243,120,0,132,123,54,2,73
"794","Texas","Hood",221,62054,325,31,0,357,191,15,0,206
"795","Texas","Howard",227,34812,294,36,0,0,172,21,1,0
"796","Texas","Hunt",231,100257,345,19,0,361,201,12,0,213
"797","Texas","Hutchinson",233,20568,221,57,2,0,139,45,0,0
"798","Texas","Jefferson",245,256118,249,109,1,202,138,41,0,124
"799","Texas","Johnson",251,180945,298,47,0,352,179,15,0,196
"800","Texas","Kaufman",257,147126,320,45,0,288,175,38,0,150
"801","Texas","Kleberg",273,30977,234,50,0,0,112,48,2,0
"802","Texas","Lubbock",303,311564,316,13,0,0,196,12,0,0
"803","Texas","Maverick",323,57873,287,51,0,0,143,21,1,0
"804","Texas","McLennan",309,261177,329,36,0,321,162,21,0,157
"805","Texas","Milam",331,24775,338,0,0,0,132,0,0,0
"806","Texas","Montgomery",339,625243,306,54,0,284,139,38,0,110
"807","Texas","Navarro",349,52828,275,80,3,225,154,53,0,101
"808","Texas","Nueces",355,353376,262,102,0,171,126,54,2,99
"809","Texas","Orange",361,84747,288,75,0,195,145,35,0,113
"810","Texas","Parker",367,149547,317,46,0,363,189,21,0,210
"811","Texas","Polk",373,50494,334,10,0,344,229,9,0,238
"812","Texas","Potter",375,118272,322,35,0,0,186,20,0,0
"813","Texas","Randall",381,141342,280,72,0,354,178,66,0,244
"814","Texas","Robertson",395,16771,352,0,0,0,144,0,0,0
"815","Texas","Rockwall",397,109136,305,16,0,323,198,15,0,213
"816","Texas","Rusk",401,52257,316,34,0,0,164,13,0,0
"817","Texas","Smith",423,234195,326,37,0,360,172,10,0,180
"818","Texas","Tarrant",439,2115682,234,117,0,216,134,73,1,113
"819","Texas","Titus",449,31292,346,2,0,0,174,0,0,0
"820","Texas","Travis",453,1296515,249,114,0,178,135,47,1,85
"821","Texas","Victoria",469,91303,319,22,0,341,132,14,0,146
"822","Texas","Webb",479,267345,258,106,0,138,128,52,1,91
"823","Utah","Box Elder",3,57946,313,49,0,275,167,8,0,172
"824","Utah","Cache",5,133624,272,79,0,289,212,85,4,199
"825","Utah","Carbon",7,20488,265,99,0,361,247,42,0,287
"826","Utah","Davis",11,363745,265,94,0,270,203,89,1,209
"827","Utah","Duchesne",13,19617,234,120,4,332,221,79,0,255
"828","Utah","Garfield",17,5107,258,42,0,268,271,32,0,303
"829","Utah","Iron",21,57708,329,36,0,323,272,33,0,269
"830","Utah","Salt Lake",35,1186921,172,177,0,243,159,128,2,186
"831","Utah","San Juan",37,14517,299,63,0,362,190,38,0,230
"832","Utah","Tooele",45,73338,302,61,0,312,231,69,1,247
"833","Utah","Uintah",47,35671,223,125,4,343,213,89,0,268
"834","Utah","Utah",49,663559,253,111,0,297,195,106,0,237
"835","Utah","Washington",53,182009,291,74,0,355,234,68,0,278
"836","Utah","Wayne",55,2508,109,0,0,0,20,0,0,0
"837","Utah","Weber",57,262973,243,63,0,214,208,92,0,229
"838","Vermont","Bennington",3,37300,345,20,0,312,174,8,0,164
"839","Vermont","Chittenden",7,168386,335,30,0,283,166,17,0,144
"840","Vermont","Rutland",21,60477,322,43,0,237,163,20,0,137
"841","Vermont","Windham",25,45850,104,0,0,0,19,0,0,0
"842","Virginia","Albemarle",3,112502,264,18,0,233,261,8,0,197
"843","Virginia","Arlington",13,238799,305,59,0,228,187,6,0,148
"844","Virginia","Botetourt",23,33637,353,2,0,0,179,3,0,0
"845","Virginia","Caroline",33,30924,229,10,0,239,121,1,0,122
"846","Virginia","Carroll",35,29142,61,0,0,0,42,0,0,0
"847","Virginia","Chesterfield",41,365776,255,25,0,235,226,2,0,200
"848","Virginia","Fairfax",59,1148558,260,103,0,167,181,20,0,105
"849","Virginia","Fauquier",61,72990,229,4,0,233,121,0,0,121
"850","Virginia","Frederick",69,91865,333,32,0,203,225,7,0,191
"851","Virginia","Giles",71,16785,306,55,0,296,153,41,3,130
"852","Virginia","Hanover",85,110195,216,27,0,243,212,2,0,214
"853","Virginia","Henrico",87,334344,329,34,0,302,264,12,0,219
"854","Virginia","Loudoun",107,422669,298,38,0,211,189,3,0,163
"855","Virginia","Madison",113,13860,336,26,0,352,236,2,0,235
"856","Virginia","Prince Edward",147,21898,351,7,0,358,241,0,0,241
"857","Virginia","Prince William",153,482790,347,17,0,245,180,2,0,181
"858","Virginia","Roanoke",161,96922,329,36,0,203,260,15,0,188
"859","Virginia","Rockbridge",163,22645,263,11,0,234,233,0,0,213
"860","Virginia","Rockingham",165,83765,349,16,0,227,269,3,0,200
"861","Virginia","Stafford",179,157746,244,16,0,240,192,1,0,177
"862","Virginia","Wythe",197,28312,232,10,0,242,202,2,0,204
"863","Washington","Adams",1,20608,354,6,0,0,242,0,0,0
"864","Washington","Asotin",3,22325,292,64,0,0,211,32,0,0
"865","Washington","Benton",5,207413,303,61,0,158,228,15,0,106
"866","Washington","Chelan",7,79228,298,66,0,0,239,5,0,0
"867","Washington","Clallam",9,77357,341,24,0,238,241,3,0,182
"868","Washington","Clark",11,505301,305,58,0,145,230,14,0,54
"869","Washington","Columbia",13,3949,340,25,0,0,243,0,0,0
"870","Washington","Cowlitz",15,111019,338,22,0,0,243,1,0,0
"871","Washington","Franklin",21,97143,314,19,0,0,224,1,0,0
"872","Washington","Garfield",23,2298,350,8,0,0,242,2,0,0
"873","Washington","Grant",25,99427,339,26,0,0,243,1,0,0
"874","Washington","Grays Harbor",27,75855,348,4,0,0,242,2,0,0
"875","Washington","Jefferson",31,33063,364,1,0,0,218,0,0,0
"876","Washington","King",33,2274094,280,85,0,110,222,21,1,130
"877","Washington","Kitsap",35,275802,338,2,0,0,236,3,0,0
"878","Washington","Kittitas",37,44626,305,60,0,0,233,10,0,0
"879","Washington","Klickitat",39,22816,339,26,0,0,242,2,0,0
"880","Washington","Lewis",41,82556,343,22,0,0,243,0,0,0
"881","Washington","Mason",45,66029,339,22,0,0,235,0,0,0
"882","Washington","Okanogan",47,42146,260,105,0,0,195,49,0,0
"883","Washington","Pierce",53,923524,285,78,0,205,218,25,0,189
"884","Washington","Skagit",57,129884,361,4,0,97,187,0,0,71
"885","Washington","Snohomish",61,829869,272,91,0,0,215,29,0,0
"886","Washington","Spokane",63,541125,301,63,0,143,237,7,0,107
"887","Washington","Stevens",65,46587,274,90,0,0,199,45,0,0
"888","Washington","Thurston",67,295988,323,42,0,150,238,6,0,109
"889","Washington","Walla Walla",71,62619,328,37,0,0,235,9,0,0
"890","Washington","Whatcom",73,227430,277,78,0,55,204,34,3,109
"891","Washington","Whitman",75,47804,354,11,0,0,241,3,0,0
"892","Washington","Yakima",77,256702,227,128,0,0,209,35,0,0
"893","West Virginia","Berkeley",3,122691,252,24,0,224,220,11,0,201
"894","West Virginia","Brooke",9,22472,317,45,0,0,249,25,0,0
"895","West Virginia","Cabell",11,94234,255,20,0,216,223,11,0,198
"896","West Virginia","Gilmer",21,7397,333,3,0,336,242,0,0,242
"897","West Virginia","Greenbrier",25,32895,222,20,0,242,201,2,0,203
"898","West Virginia","Hancock",29,29037,330,35,0,228,246,27,0,185
"899","West Virginia","Harrison",33,65839,101,10,0,0,84,6,0,0
"900","West Virginia","Kanawha",39,180217,314,51,0,240,257,18,0,210
"901","West Virginia","Marion",49,56230,87,12,0,0,54,4,0,0
"902","West Virginia","Marshall",51,30497,326,28,0,0,254,8,0,0
"903","West Virginia","Mason",53,25398,352,6,0,0,259,9,0,0
"904","West Virginia","Mineral",57,26890,321,10,1,0,134,0,0,0
"905","West Virginia","Monongalia",61,105905,337,27,0,226,256,14,0,196
"906","West Virginia","Ohio",69,42338,249,34,0,230,196,26,0,193
"907","West Virginia","Tucker",93,6753,349,13,0,355,235,2,0,236
"908","West Virginia","Wood",107,84142,333,31,0,226,258,16,0,199
"909","Wisconsin","Ashland",3,16018,343,21,0,313,176,6,0,165
"910","Wisconsin","Brown",9,268921,314,51,0,168,152,29,0,84
"911","Wisconsin","Columbia",21,58516,184,8,0,192,82,7,0,93
"912","Wisconsin","Dane",25,562577,287,78,0,161,141,40,0,71
"913","Wisconsin","Dodge",27,89353,297,67,0,260,156,36,0,125
"914","Wisconsin","Door",29,30120,191,9,0,201,87,10,0,100
"915","Wisconsin","Eau Claire",35,105874,305,58,0,167,160,22,0,84
"916","Wisconsin","Fond du Lac",39,104150,195,7,0,202,86,7,0,95
"917","Wisconsin","Forest",41,9165,338,25,0,296,169,13,0,155
"918","Wisconsin","Grant",43,51984,304,60,0,0,147,30,0,0
"919","Wisconsin","Jefferson",55,86193,191,12,0,203,87,9,0,100
"920","Wisconsin","Kenosha",59,169184,289,74,0,220,145,33,1,107
"921","Wisconsin","Kewaunee",61,20550,199,11,0,210,93,7,0,100
"922","Wisconsin","La Crosse",63,120930,310,55,0,186,152,28,0,86
"923","Wisconsin","Manitowoc",71,81384,187,15,0,202,71,11,0,84
"924","Wisconsin","Marathon",73,138047,196,9,0,205,86,6,0,92
"925","Wisconsin","Milwaukee",79,938527,269,93,0,193,133,47,1,101
"926","Wisconsin","Oneida",85,37872,363,2,0,0,179,3,0,0
"927","Wisconsin","Outagamie",87,190961,304,59,0,172,149,31,0,81
"928","Wisconsin","Ozaukee",89,91613,308,52,0,201,148,30,1,91
"929","Wisconsin","Racine",101,197536,174,28,0,203,78,11,1,93
"930","Wisconsin","Rock",105,163751,185,18,0,203,90,6,0,99
"931","Wisconsin","Sauk",111,65793,311,53,0,175,150,31,0,80
"932","Wisconsin","Sheboygan",117,118030,180,24,0,206,83,14,1,100
"933","Wisconsin","Taylor",119,19937,320,45,0,277,226,18,0,212
"934","Wisconsin","Vilas",125,23097,345,17,0,177,172,10,0,95
"935","Wisconsin","Walworth",127,105308,189,15,0,205,80,8,0,92
"936","Wisconsin","Waukesha",133,407467,281,83,0,154,132,41,0,72
"937","Wyoming","Albany",1,37110,247,118,0,328,175,63,0,224
"938","Wyoming","Big Horn",3,11481,344,12,0,356,178,4,0,182
"939","Wyoming","Campbell",5,47139,309,55,0,228,232,41,0,113
"940","Wyoming","Carbon",7,14504,325,38,0,347,182,0,0,0
"941","Wyoming","Converse",9,13741,317,47,0,319,247,27,0,157
"942","Wyoming","Fremont",13,39197,294,69,0,321,155,27,0,169
"943","Wyoming","Johnson",19,8467,345,19,0,356,172,9,0,178
"944","Wyoming","Laramie",21,100718,305,60,0,334,169,14,0,174
"945","Wyoming","Lincoln",23,19657,364,1,0,0,178,4,0,0
"946","Wyoming","Natrona",25,80282,327,37,0,358,173,9,0,181
"947","Wyoming","Park",29,29664,295,12,0,268,61,0,0,0
"948","Wyoming","Platte",31,8632,56,3,0,0,37,3,0,0
"949","Wyoming","Sheridan",33,31005,325,40,0,305,175,7,0,175
"950","Wyoming","Sublette",35,8738,266,88,3,363,190,50,0,244
"951","Wyoming","Sweetwater",37,42190,262,100,0,321,178,54,2,200
"952","Wyoming","Teton",39,23377,326,39,0,359,224,15,1,237
"953","Wyoming","Uinta",41,20457,315,49,0,360,194,41,0,225
"954","Wyoming","Weston",45,6818,340,25,0,360,173,9,0,170
